{"1": {"name": "Thick Fiberglass Medium Thread", "company": "3M", "price": 125, "K": 130, "efficiency": 0.85}, "2": {"name": "Thick Fiberglass Fine Thread", "company": "3M", "price": 200, "K": 210, "efficiency": 0.99}, "3": {"name": "Polymer Blend Medium Thread", "company": "Amsoil", "price": 58, "K": 75, "efficiency": 0.65}, "4": {"name": "Polymer Blend Fine Thread", "company": "Amsoil", "price": 120, "K": 125, "efficiency": 0.87}, "5": {"name": "FILTECH Premium", "company": "Bosch", "price": 160, "K": 176, "efficiency": 0.92}}