,Lengths [ft],Diameter [ft],Material,Components,Reservoir
0,200,3,Concrete,"['Elbow 90 deg flanged', 'Long radius 45 deg flanged', 'Ball Valve (Open)', '180 bend (Threaded)', 'Long Radius 90 deg flanged']",City of Portland Reservoir 3
1,500,4.5,Concrete,"['Elbow 90 deg flanged', 'Globe Valve (Open)', 'Long radius 45 deg threaded', 'Elbow 90 deg threaded']",City of Portland Reservoir 3
2,500,3.4,Iron,"['Long radius 45 deg flanged', 'Globe Valve (Open)', 'Globe Valve (Open)']",City of Portland Reservoir 3
3,60,"(0.5, 0.7)",Iron,"['180 bend (Threaded)', '180 Bend (Flanged)', 'Union (Threaded)', 'Elbow 90 deg flanged']",City of Portland Reservoir 3
4,140,3.4,Concrete,"['Gate (Open)', 'Globe Valve (Open)']",City of Portland Reservoir 3
5,140,6.3,Commerical Steel,"['Long radius 45 deg flanged', 'Ball Valve (Open)', 'Union (Threaded)']",City of Portland Reservoir 3
6,321,"(0.5, 0.7)",Concrete,['Ball Valve (Half Open)'],City of Portland Reservoir 3
7,400,2,Old Concrete,"['Long Radius 90 deg threaded', 'Elbow 90 deg flanged', 'Ball Valve (Half Open)']",City of Portland Reservoir 3
8,321,2,Old Concrete,"['Swing Check (forward flow)', 'Long radius 45 deg flanged', 'Ball Valve (Open)', '180 bend (Threaded)', '180 bend (Threaded)']",City of Portland Reservoir 3
9,400,3.4,Old Concrete,['Elbow 90 deg flanged'],City of Portland Reservoir 3
10,321,"(1, 2)",Concrete,"['Long Radius 90 deg flanged', 'Gate (Open)', 'Swing Check (forward flow)', 'Long Radius 90 deg threaded', 'Gate (Open)']",City of Portland Reservoir 3
11,140,5,Concrete,"['Ball Valve (Open)', 'Globe Valve (Open)']",City of Portland Reservoir 3
12,60,2,Galvanized Iron,['Long Radius 90 deg flanged'],City of Portland Reservoir 3
13,900,"(1, 2)",Iron,['Union (Threaded)'],City of Portland Reservoir 3
14,400,2,Iron,"['Long Radius 90 deg threaded', 'Elbow 90 deg threaded', 'Elbow 90 deg threaded', 'Long radius 45 deg flanged']",City of Portland Reservoir 3
15,240,0.5,Commerical Steel,"['Ball Valve (Open)', 'Elbow 90 deg flanged', 'Elbow 90 deg threaded', 'Long radius 45 deg threaded']",City of Portland Reservoir 3
16,321,2,Commerical Steel,"['Globe Valve (Open)', 'Elbow 90 deg flanged', 'Globe Valve (Open)', 'Gate (Open)', 'Swing Check (forward flow)']",City of Portland Reservoir 3
17,500,5,Old Concrete,"['Globe Valve (Open)', '180 Bend (Flanged)']",City of Portland Reservoir 3
18,900,2,Commerical Steel,"['Ball Valve (Open)', 'Long radius 45 deg threaded', 'Long Radius 90 deg threaded', 'Globe Valve (Open)']",City of Portland Reservoir 3
19,321,4.5,Concrete,"['Swing Check (forward flow)', 'Globe Valve (Open)', 'Ball Valve (Half Open)', 'Elbow 90 deg flanged']",City of Portland Reservoir 3
20,400,"(1, 2)",Commerical Steel,"['Ball Valve (Open)', 'Elbow 90 deg flanged', 'Long radius 45 deg flanged', 'Globe Valve (Open)', 'Ball Valve (Open)']",City of Portland Reservoir 3
21,400,5,Commerical Steel,"['Elbow 90 deg threaded', 'Globe Valve (Open)', 'Gate (Open)', 'Long radius 45 deg flanged', 'Long radius 45 deg threaded']",City of Portland Reservoir 3
22,900,6.3,Galvanized Iron,[],City of Portland Reservoir 3
23,200,4.5,Old Concrete,"['180 bend (Threaded)', 'Swing Check (forward flow)']",City of Portland Reservoir 3
24,200,2,Old Concrete,"['180 bend (Threaded)', 'Long Radius 90 deg flanged']",City of Portland Reservoir 3
25,900,"(1, 2)",Concrete,"['Elbow 90 deg threaded', 'Globe Valve (Open)', 'Elbow 90 deg flanged', 'Globe Valve (Open)', '180 bend (Threaded)']",City of Portland Reservoir 3
26,240,5,Commerical Steel,"['Elbow 90 deg flanged', 'Elbow 90 deg flanged', '180 bend (Threaded)']",City of Portland Reservoir 3
27,140,0.5,Iron,"['Long radius 45 deg flanged', 'Ball Valve (Open)', '180 bend (Threaded)', 'Ball Valve (Half Open)']",City of Portland Reservoir 3
28,500,4.5,Old Concrete,"['Swing Check (forward flow)', 'Ball Valve (Half Open)', 'Long radius 45 deg flanged', 'Swing Check (forward flow)']",City of Portland Reservoir 3
29,240,4.5,Concrete,"['Long radius 45 deg threaded', 'Elbow 90 deg flanged', 'Union (Threaded)']",City of Portland Reservoir 3
30,240,"(1.5, 3)",Commerical Steel,[],City of Portland Reservoir 3
31,240,0.5,Concrete,"['180 Bend (Flanged)', 'Long radius 45 deg threaded', 'Ball Valve (Half Open)']",City of Portland Reservoir 3
32,240,4.5,Iron,[],City of Portland Reservoir 3
33,200,"(1, 2)",Galvanized Iron,"['Long Radius 90 deg threaded', 'Elbow 90 deg threaded', 'Gate (Open)', 'Elbow 90 deg threaded', 'Elbow 90 deg threaded']",City of Portland Reservoir 3
34,60,2,Old Concrete,"['Long radius 45 deg flanged', 'Union (Threaded)']",City of Portland Reservoir 3
35,60,6.3,Commerical Steel,"['Swing Check (forward flow)', 'Long radius 45 deg threaded', 'Union (Threaded)', '180 bend (Threaded)']",City of Portland Reservoir 3
36,60,4.5,Commerical Steel,[],City of Portland Reservoir 3
37,900,2,Commerical Steel,['Globe Valve (Open)'],City of Portland Reservoir 3
38,240,1,Concrete,[],City of Portland Reservoir 3
39,240,"(0.5, 0.7)",Galvanized Iron,"['Long radius 45 deg threaded', 'Elbow 90 deg threaded']",City of Portland Reservoir 3
40,240,4.5,Old Concrete,"['Long Radius 90 deg flanged', 'Union (Threaded)', 'Globe Valve (Open)', 'Long Radius 90 deg flanged']",City of Portland Reservoir 3
41,140,"(0.5, 0.7)",Galvanized Iron,['Ball Valve (Open)'],City of Portland Reservoir 3
42,900,4.5,Galvanized Iron,['Long Radius 90 deg threaded'],City of Portland Reservoir 3
43,321,"(1, 2)",Iron,['Long radius 45 deg threaded'],City of Portland Reservoir 3
44,240,1,Concrete,"['Long Radius 90 deg threaded', '180 bend (Threaded)', 'Swing Check (forward flow)', 'Globe Valve (Open)']",City of Portland Reservoir 3
45,400,2,Old Concrete,[],City of Portland Reservoir 3
46,321,1,Galvanized Iron,[],City of Portland Reservoir 3
47,900,2,Galvanized Iron,"['Long Radius 90 deg flanged', 'Ball Valve (Open)', 'Elbow 90 deg threaded', 'Globe Valve (Open)', 'Globe Valve (Open)']",City of Portland Reservoir 3
48,400,6.3,Galvanized Iron,"['180 Bend (Flanged)', '180 Bend (Flanged)', 'Ball Valve (Half Open)', 'Elbow 90 deg flanged', 'Gate (Open)']",City of Portland Reservoir 3
49,500,1,Iron,"['Elbow 90 deg threaded', 'Long radius 45 deg flanged', 'Ball Valve (Half Open)', 'Union (Threaded)', 'Long radius 45 deg flanged']",City of Portland Reservoir 3
50,200,"(1, 2)",Old Concrete,['Long radius 45 deg threaded'],City of Portland Reservoir 3
51,400,"(1.5, 3)",Concrete,"['Ball Valve (Half Open)', 'Long radius 45 deg threaded']",City of Portland Reservoir 3
52,400,1,Galvanized Iron,"['Globe Valve (Open)', 'Elbow 90 deg threaded', 'Ball Valve (Half Open)', 'Long Radius 90 deg threaded']",City of Portland Reservoir 3
53,500,1,Commerical Steel,"['Gate (Open)', 'Gate (Open)']",City of Portland Reservoir 3
54,500,"(1.5, 3)",Galvanized Iron,['Long radius 45 deg threaded'],City of Portland Reservoir 4
55,500,3.4,Iron,['Globe Valve (Open)'],City of Portland Reservoir 4
56,60,4.5,Concrete,"['Gate (Open)', 'Long Radius 90 deg threaded', 'Long Radius 90 deg threaded']",City of Portland Reservoir 4
57,140,5,Commerical Steel,[],City of Portland Reservoir 4
58,200,5,Galvanized Iron,"['Ball Valve (Open)', '180 bend (Threaded)', 'Swing Check (forward flow)']",City of Portland Reservoir 4
59,200,"(1.5, 3)",Commerical Steel,[],City of Portland Reservoir 4
60,140,"(1.5, 3)",Commerical Steel,[],City of Portland Reservoir 4
61,500,5,Old Concrete,"['Union (Threaded)', 'Union (Threaded)', '180 Bend (Flanged)', 'Long radius 45 deg threaded']",City of Portland Reservoir 4
62,60,2,Old Concrete,"['Long Radius 90 deg flanged', 'Globe Valve (Open)', 'Ball Valve (Half Open)']",City of Portland Reservoir 4
63,240,5,Iron,[],City of Portland Reservoir 4
64,321,"(0.5, 0.7)",Commerical Steel,['Elbow 90 deg threaded'],City of Portland Reservoir 4
65,200,"(1.5, 3)",Iron,['Elbow 90 deg flanged'],City of Portland Reservoir 4
66,500,1,Old Concrete,"['Swing Check (forward flow)', 'Gate (Open)']",City of Portland Reservoir 4
67,200,0.5,Iron,['Globe Valve (Open)'],City of Portland Reservoir 4
68,500,0.5,Galvanized Iron,[],City of Portland Reservoir 4
69,900,"(1, 2)",Concrete,['Long radius 45 deg flanged'],City of Portland Reservoir 4
70,240,2,Iron,"['180 Bend (Flanged)', 'Swing Check (forward flow)', 'Globe Valve (Open)']",City of Portland Reservoir 4
71,200,4.5,Concrete,"['Globe Valve (Open)', 'Swing Check (forward flow)']",City of Portland Reservoir 4
72,500,"(1.5, 3)",Concrete,[],City of Portland Reservoir 4
73,140,6.3,Iron,[],City of Portland Reservoir 4
74,140,"(1, 2)",Concrete,"['Swing Check (forward flow)', '180 bend (Threaded)', 'Elbow 90 deg flanged', 'Ball Valve (Open)', 'Ball Valve (Open)']",City of Portland Reservoir 4
75,321,2,Old Concrete,"['180 bend (Threaded)', 'Long radius 45 deg flanged', 'Long Radius 90 deg flanged', 'Long radius 45 deg flanged']",City of Portland Reservoir 4
76,321,"(1.5, 3)",Galvanized Iron,"['Long Radius 90 deg threaded', 'Long Radius 90 deg flanged', 'Gate (Open)', 'Long Radius 90 deg threaded', 'Elbow 90 deg flanged']",City of Portland Reservoir 4
77,400,1,Iron,['180 Bend (Flanged)'],City of Portland Reservoir 4
78,240,3,Commerical Steel,"['180 Bend (Flanged)', '180 Bend (Flanged)', '180 Bend (Flanged)']",City of Portland Reservoir 4
79,500,4.5,Old Concrete,"['180 bend (Threaded)', 'Long Radius 90 deg flanged', 'Ball Valve (Open)']",City of Portland Reservoir 4
80,400,"(0.5, 0.7)",Concrete,['Swing Check (forward flow)'],City of Portland Reservoir 4
81,400,2,Concrete,"['Long Radius 90 deg flanged', 'Union (Threaded)', '180 bend (Threaded)']",City of Portland Reservoir 4
82,500,4.5,Concrete,"['180 bend (Threaded)', 'Long radius 45 deg flanged', '180 Bend (Flanged)', '180 bend (Threaded)']",City of Portland Reservoir 4
83,900,5,Concrete,"['Globe Valve (Open)', 'Swing Check (forward flow)', 'Globe Valve (Open)', 'Swing Check (forward flow)']",City of Portland Reservoir 4
84,60,3,Iron,"['Swing Check (forward flow)', 'Long radius 45 deg flanged', 'Elbow 90 deg flanged']",City of Portland Reservoir 4
85,400,"(1, 2)",Old Concrete,['Elbow 90 deg threaded'],City of Portland Reservoir 4
86,400,5,Old Concrete,['Union (Threaded)'],City of Portland Reservoir 4
87,60,"(1.5, 3)",Iron,"['Long Radius 90 deg threaded', 'Elbow 90 deg threaded', '180 Bend (Flanged)']",City of Portland Reservoir 4
88,500,5,Commerical Steel,"['Union (Threaded)', 'Long Radius 90 deg flanged']",City of Portland Reservoir 4
89,500,4.5,Old Concrete,[],City of Portland Reservoir 4
90,240,0.5,Concrete,"['180 bend (Threaded)', 'Ball Valve (Open)', '180 bend (Threaded)', 'Long Radius 90 deg flanged']",City of Portland Reservoir 4
91,400,1,Old Concrete,"['Ball Valve (Open)', 'Ball Valve (Open)', 'Elbow 90 deg flanged']",City of Portland Reservoir 4
92,321,"(1.5, 3)",Old Concrete,['Long radius 45 deg threaded'],City of Portland Reservoir 4
93,900,3.4,Commerical Steel,['Long radius 45 deg flanged'],City of Portland Reservoir 4
94,900,1,Concrete,"['Union (Threaded)', 'Globe Valve (Open)', 'Long Radius 90 deg flanged', 'Elbow 90 deg flanged']",City of Portland Reservoir 4
95,900,3.4,Commerical Steel,['Globe Valve (Open)'],Cemetery Reservoir
96,900,0.5,Concrete,"['Long radius 45 deg threaded', 'Ball Valve (Open)', 'Elbow 90 deg threaded']",Cemetery Reservoir
97,60,4.5,Galvanized Iron,"['Elbow 90 deg flanged', 'Long radius 45 deg flanged', '180 Bend (Flanged)', 'Union (Threaded)', 'Elbow 90 deg threaded']",Cemetery Reservoir
98,900,"(1, 2)",Old Concrete,"['180 Bend (Flanged)', 'Gate (Open)', 'Union (Threaded)', 'Union (Threaded)']",Cemetery Reservoir
99,500,5,Iron,"['180 Bend (Flanged)', '180 Bend (Flanged)', '180 bend (Threaded)']",Cemetery Reservoir
100,900,1,Commerical Steel,"['Elbow 90 deg flanged', 'Long radius 45 deg threaded', 'Gate (Open)', 'Long radius 45 deg flanged', 'Ball Valve (Open)']",Cemetery Reservoir
101,240,"(1, 2)",Old Concrete,"['Ball Valve (Open)', '180 Bend (Flanged)']",Cemetery Reservoir
102,60,4.5,Commerical Steel,[],Cemetery Reservoir
103,200,"(1, 2)",Concrete,"['Ball Valve (Half Open)', '180 Bend (Flanged)', 'Long radius 45 deg flanged', 'Elbow 90 deg threaded']",Cemetery Reservoir
104,500,4.5,Galvanized Iron,['Long radius 45 deg flanged'],Cemetery Reservoir
105,400,"(1, 2)",Iron,['Globe Valve (Open)'],Cemetery Reservoir
106,140,"(0.5, 0.7)",Galvanized Iron,[],Cemetery Reservoir
107,240,3,Galvanized Iron,"['Ball Valve (Open)', '180 bend (Threaded)', 'Elbow 90 deg flanged', '180 bend (Threaded)']",Cemetery Reservoir
108,500,3,Commerical Steel,"['Ball Valve (Open)', 'Long Radius 90 deg threaded', '180 Bend (Flanged)', 'Ball Valve (Half Open)', 'Long radius 45 deg flanged']",Cemetery Reservoir
109,60,0.5,Old Concrete,['Long radius 45 deg flanged'],Cemetery Reservoir
110,60,3.4,Commerical Steel,"['Gate (Open)', '180 bend (Threaded)']",Cemetery Reservoir
111,240,"(1.5, 3)",Galvanized Iron,"['180 Bend (Flanged)', 'Gate (Open)', 'Long radius 45 deg threaded', 'Globe Valve (Open)', 'Elbow 90 deg threaded']",Cemetery Reservoir
112,60,6.3,Commerical Steel,"['Union (Threaded)', 'Long radius 45 deg threaded', 'Long Radius 90 deg threaded']",Cemetery Reservoir
113,60,6.3,Iron,[],Cemetery Reservoir
114,60,"(0.5, 0.7)",Commerical Steel,"['180 Bend (Flanged)', 'Long Radius 90 deg threaded']",Cemetery Reservoir
115,140,0.5,Commerical Steel,['Long Radius 90 deg threaded'],Cemetery Reservoir
116,60,5,Galvanized Iron,"['Union (Threaded)', 'Union (Threaded)']",Cemetery Reservoir
117,400,"(0.5, 0.7)",Iron,[],Cemetery Reservoir
118,900,0.5,Old Concrete,"['Ball Valve (Open)', 'Ball Valve (Half Open)', 'Elbow 90 deg flanged', '180 bend (Threaded)', 'Union (Threaded)']",Cemetery Reservoir
119,200,3.4,Commerical Steel,[],Cemetery Reservoir
120,400,5,Old Concrete,"['Long radius 45 deg threaded', 'Ball Valve (Open)', '180 Bend (Flanged)']",Cemetery Reservoir
121,240,1,Iron,[],Cemetery Reservoir
122,140,4.5,Concrete,"['Elbow 90 deg threaded', '180 Bend (Flanged)']",Cemetery Reservoir
123,60,0.5,Old Concrete,"['Long Radius 90 deg flanged', 'Elbow 90 deg threaded', 'Elbow 90 deg threaded', 'Elbow 90 deg flanged', 'Long radius 45 deg threaded']",Cemetery Reservoir
124,200,"(1.5, 3)",Commerical Steel,['Ball Valve (Half Open)'],Cemetery Reservoir
125,140,5,Commerical Steel,"['Swing Check (forward flow)', 'Union (Threaded)', '180 bend (Threaded)', 'Long Radius 90 deg flanged']",Cemetery Reservoir
126,200,"(1.5, 3)",Commerical Steel,"['Union (Threaded)', 'Union (Threaded)']",Cemetery Reservoir
127,500,4.5,Galvanized Iron,"['Long Radius 90 deg threaded', 'Ball Valve (Open)']",Cemetery Reservoir
128,240,3.4,Iron,"['Globe Valve (Open)', 'Globe Valve (Open)', 'Globe Valve (Open)', 'Union (Threaded)', 'Elbow 90 deg flanged']",Cemetery Reservoir
129,500,2,Concrete,[],Cemetery Reservoir
130,900,2,Old Concrete,"['Ball Valve (Open)', 'Swing Check (forward flow)']",Cemetery Reservoir
131,500,"(1.5, 3)",Galvanized Iron,['Long Radius 90 deg flanged'],Cemetery Reservoir
132,900,4.5,Galvanized Iron,"['Elbow 90 deg threaded', 'Long Radius 90 deg flanged', '180 bend (Threaded)', 'Long radius 45 deg threaded', 'Elbow 90 deg threaded']",Cemetery Reservoir
133,140,2,Old Concrete,"['Swing Check (forward flow)', 'Long radius 45 deg threaded', '180 Bend (Flanged)']",Cemetery Reservoir
134,400,0.5,Commerical Steel,"['Globe Valve (Open)', 'Long Radius 90 deg flanged', 'Ball Valve (Half Open)']",Cemetery Reservoir
135,200,5,Concrete,['Swing Check (forward flow)'],Cemetery Reservoir
136,140,1,Concrete,"['Long radius 45 deg flanged', 'Elbow 90 deg flanged', 'Long Radius 90 deg threaded', 'Union (Threaded)', 'Elbow 90 deg threaded']",Cemetery Reservoir
137,200,6.3,Commerical Steel,[],Cemetery Reservoir
138,240,3.4,Commerical Steel,[],Cemetery Reservoir
139,140,4.5,Iron,"['Gate (Open)', 'Swing Check (forward flow)', 'Long Radius 90 deg flanged']",Cemetery Reservoir
140,60,0.5,Iron,"['Elbow 90 deg threaded', 'Elbow 90 deg flanged', 'Long radius 45 deg flanged', 'Swing Check (forward flow)']",Cemetery Reservoir
141,240,5,Old Concrete,['Elbow 90 deg threaded'],Cemetery Reservoir
142,200,4.5,Iron,['Long Radius 90 deg threaded'],Cemetery Reservoir
143,400,"(0.5, 0.7)",Commerical Steel,"['Gate (Open)', 'Long Radius 90 deg flanged', 'Elbow 90 deg threaded', 'Elbow 90 deg flanged']",Cemetery Reservoir
144,500,4.5,Old Concrete,"['Globe Valve (Open)', 'Long Radius 90 deg flanged', 'Long Radius 90 deg flanged', 'Long Radius 90 deg threaded']",Cemetery Reservoir
145,900,3,Iron,"['Long radius 45 deg threaded', 'Ball Valve (Open)', 'Union (Threaded)']",Cemetery Reservoir
146,500,6.3,Old Concrete,"['Elbow 90 deg threaded', 'Globe Valve (Open)', 'Globe Valve (Open)', 'Elbow 90 deg threaded', 'Swing Check (forward flow)']",Cemetery Reservoir
147,200,6.3,Galvanized Iron,"['Union (Threaded)', 'Globe Valve (Open)', 'Elbow 90 deg flanged']",Cemetery Reservoir
148,200,3,Old Concrete,"['Elbow 90 deg threaded', 'Elbow 90 deg threaded', '180 bend (Threaded)', 'Long radius 45 deg flanged', 'Long Radius 90 deg threaded']",Cemetery Reservoir
149,240,1,Galvanized Iron,['Long radius 45 deg flanged'],Cemetery Reservoir
150,500,"(1.5, 3)",Iron,['Elbow 90 deg threaded'],Cemetery Reservoir
151,60,3,Commerical Steel,"['Long radius 45 deg threaded', 'Ball Valve (Half Open)']",Cemetery Reservoir
152,140,"(1, 2)",Galvanized Iron,"['Long Radius 90 deg threaded', 'Long Radius 90 deg flanged']",Cemetery Reservoir
153,200,3,Galvanized Iron,"['Long radius 45 deg threaded', 'Long radius 45 deg threaded']",Cemetery Reservoir
154,400,"(1.5, 3)",Concrete,"['Elbow 90 deg threaded', 'Long Radius 90 deg flanged', 'Ball Valve (Half Open)', '180 Bend (Flanged)']",Cemetery Reservoir
155,500,"(1, 2)",Commerical Steel,"['Long Radius 90 deg flanged', '180 bend (Threaded)', 'Globe Valve (Open)', '180 Bend (Flanged)']",Cemetery Reservoir
156,240,4.5,Galvanized Iron,"['Long radius 45 deg flanged', 'Long radius 45 deg threaded', 'Gate (Open)', 'Elbow 90 deg threaded']",Cemetery Reservoir
157,900,5,Commerical Steel,"['180 Bend (Flanged)', 'Long Radius 90 deg threaded', '180 bend (Threaded)', 'Ball Valve (Open)']",Cemetery Reservoir
158,60,0.5,Old Concrete,[],Cemetery Reservoir
159,200,"(1, 2)",Concrete,[],Cemetery Reservoir
160,240,"(0.5, 0.7)",Galvanized Iron,"['180 bend (Threaded)', '180 Bend (Flanged)', 'Globe Valve (Open)', 'Swing Check (forward flow)', 'Ball Valve (Half Open)']",Cemetery Reservoir
161,321,6.3,Iron,['Elbow 90 deg threaded'],Cemetery Reservoir
162,400,5,Galvanized Iron,"['Long radius 45 deg threaded', 'Globe Valve (Open)']",Cemetery Reservoir
163,60,"(1.5, 3)",Galvanized Iron,['Ball Valve (Half Open)'],Cemetery Reservoir
164,500,"(1.5, 3)",Old Concrete,"['Gate (Open)', 'Long radius 45 deg threaded', 'Elbow 90 deg flanged']",Cemetery Reservoir
165,400,5,Galvanized Iron,[],Cemetery Reservoir
166,900,4.5,Old Concrete,"['Long Radius 90 deg threaded', 'Elbow 90 deg threaded', 'Elbow 90 deg threaded', 'Long Radius 90 deg flanged']",Cemetery Reservoir
167,400,0.5,Iron,"['Ball Valve (Half Open)', '180 bend (Threaded)', 'Long radius 45 deg threaded', 'Swing Check (forward flow)', 'Long radius 45 deg flanged']",Cemetery Reservoir
168,500,"(0.5, 0.7)",Galvanized Iron,"['Ball Valve (Open)', 'Ball Valve (Half Open)', 'Elbow 90 deg threaded']",Cemetery Reservoir
169,900,5,Concrete,"['Elbow 90 deg flanged', 'Long Radius 90 deg threaded']",Cemetery Reservoir
170,321,2,Concrete,[],Cemetery Reservoir
171,321,0.5,Galvanized Iron,"['Elbow 90 deg threaded', 'Elbow 90 deg threaded', 'Swing Check (forward flow)']",Cemetery Reservoir
172,140,"(1, 2)",Old Concrete,['Elbow 90 deg flanged'],Cemetery Reservoir
173,140,"(1.5, 3)",Galvanized Iron,['Long radius 45 deg flanged'],Cemetery Reservoir
174,400,4.5,Commerical Steel,[],Cemetery Reservoir
175,200,4.5,Old Concrete,[],Cemetery Reservoir
176,240,5,Galvanized Iron,[],Cemetery Reservoir
177,500,3,Commerical Steel,"['Union (Threaded)', 'Ball Valve (Half Open)']",Cemetery Reservoir
178,500,1,Commerical Steel,"['Elbow 90 deg threaded', 'Elbow 90 deg threaded', 'Ball Valve (Open)', 'Elbow 90 deg threaded', 'Long Radius 90 deg threaded']",Cemetery Reservoir
179,200,0.5,Concrete,[],Cemetery Reservoir
180,240,"(1, 2)",Concrete,"['Elbow 90 deg flanged', 'Globe Valve (Open)']",Cemetery Reservoir
181,400,5,Old Concrete,"['Ball Valve (Open)', '180 Bend (Flanged)', '180 Bend (Flanged)']",Cemetery Reservoir
182,200,0.5,Concrete,"['Ball Valve (Open)', 'Long radius 45 deg threaded', 'Ball Valve (Open)']",Cemetery Reservoir
183,400,6.3,Galvanized Iron,"['Gate (Open)', 'Elbow 90 deg threaded', 'Long Radius 90 deg flanged', 'Elbow 90 deg threaded', 'Union (Threaded)']",Cemetery Reservoir
184,140,5,Commerical Steel,[],Cemetery Reservoir
185,200,6.3,Galvanized Iron,['Swing Check (forward flow)'],Cemetery Reservoir
186,321,"(1, 2)",Old Concrete,[],Cemetery Reservoir
187,240,"(1, 2)",Concrete,"['180 bend (Threaded)', 'Ball Valve (Half Open)', 'Long radius 45 deg threaded', 'Elbow 90 deg flanged']",Cemetery Reservoir
188,900,1,Galvanized Iron,['Globe Valve (Open)'],Cemetery Reservoir
189,200,"(1, 2)",Concrete,"['Elbow 90 deg flanged', 'Ball Valve (Open)', 'Elbow 90 deg threaded']",Cemetery Reservoir
190,200,0.5,Commerical Steel,[],Cemetery Reservoir
191,240,6.3,Galvanized Iron,[],Cemetery Reservoir
192,900,"(0.5, 0.7)",Galvanized Iron,['Elbow 90 deg threaded'],Cemetery Reservoir
193,240,3.4,Commerical Steel,"['180 bend (Threaded)', 'Globe Valve (Open)', 'Union (Threaded)', 'Long radius 45 deg flanged']",Cemetery Reservoir
194,900,"(1, 2)",Concrete,"['Elbow 90 deg threaded', 'Union (Threaded)']",Cemetery Reservoir
195,60,3.4,Galvanized Iron,"['Ball Valve (Open)', '180 bend (Threaded)', 'Union (Threaded)', 'Long Radius 90 deg threaded']",Cemetery Reservoir
196,60,6.3,Iron,"['Long Radius 90 deg flanged', 'Swing Check (forward flow)']",Cemetery Reservoir
197,240,6.3,Commerical Steel,[],Cemetery Reservoir
198,400,6.3,Galvanized Iron,"['Globe Valve (Open)', 'Long Radius 90 deg threaded', 'Union (Threaded)', 'Union (Threaded)', 'Globe Valve (Open)']",Cemetery Reservoir
199,140,1,Concrete,"['Gate (Open)', 'Gate (Open)', '180 bend (Threaded)', '180 Bend (Flanged)', 'Elbow 90 deg threaded']",Cemetery Reservoir
200,140,"(0.5, 0.7)",Galvanized Iron,['Long radius 45 deg flanged'],Cemetery Reservoir
201,140,3,Galvanized Iron,[],Cemetery Reservoir
202,200,4.5,Concrete,"['Long radius 45 deg threaded', 'Swing Check (forward flow)', 'Long Radius 90 deg flanged', 'Globe Valve (Open)']",Cemetery Reservoir
203,240,1,Old Concrete,"['Gate (Open)', 'Long Radius 90 deg flanged']",Cemetery Reservoir
204,900,1,Commerical Steel,['Swing Check (forward flow)'],Cemetery Reservoir
205,200,"(1.5, 3)",Galvanized Iron,"['Long radius 45 deg threaded', '180 bend (Threaded)']",Cemetery Reservoir
206,60,6.3,Commerical Steel,['Ball Valve (Half Open)'],Cemetery Reservoir
207,240,0.5,Iron,['Union (Threaded)'],Cemetery Reservoir
208,500,3.4,Commerical Steel,"['Long Radius 90 deg flanged', 'Long Radius 90 deg threaded']",Cemetery Reservoir
209,200,3,Concrete,"['Ball Valve (Half Open)', '180 bend (Threaded)', 'Gate (Open)', 'Long Radius 90 deg threaded']",Cemetery Reservoir
210,500,1,Commerical Steel,"['Long Radius 90 deg threaded', 'Swing Check (forward flow)', '180 Bend (Flanged)', 'Long Radius 90 deg flanged', 'Union (Threaded)']",Cemetery Reservoir
211,900,2,Iron,"['Globe Valve (Open)', 'Long Radius 90 deg threaded', 'Long Radius 90 deg threaded']",Cemetery Reservoir
212,900,"(1.5, 3)",Galvanized Iron,"['Ball Valve (Half Open)', 'Union (Threaded)', 'Long Radius 90 deg threaded']",Cemetery Reservoir
